"Avatar","James Cameron","2009","Action|Adventure|Fantasy|Sci-Fi","7.9","CCH Pounder"
"Pirates of the Caribbean: At World's End","Gore Verbinski","2007","Action|Adventure|Fantasy","7.1","Johnny Depp"
"Spectre","Sam Mendes","2015","Action|Adventure|Thriller","6.8","Christoph Waltz"
"The Dark Knight Rises","Christopher Nolan","2012","Action|Thriller","8.5","Tom Hardy"
"John Carter","Andrew Stanton","2012","Action|Adventure|Sci-Fi","6.6","Daryl Sabara"
"Spider-Man 3","Sam Raimi","2007","Action|Adventure|Romance","6.2","J.K. Simmons"
"Tangled","Nathan Greno","2010","Adventure|Animation|Comedy|Family|Fantasy|Musical|Romance","7.8","Brad Garrett"
"Avengers: Age of Ultron","Joss Whedon","2015","Action|Adventure|Sci-Fi","7.5","Chris Hemsworth"
"Harry Potter and the Half-Blood Prince","David Yates","2009","Adventure|Family|Fantasy|Mystery","7.5","Alan Rickman"
"Batman v Superman: Dawn of Justice","Zack Snyder","2016","Action|Adventure|Sci-Fi","6.9","Henry Cavill"
"Superman Returns","Bryan Singer","2006","Action|Adventure|Sci-Fi","6.1","Kevin Spacey"
"Quantum of Solace","Marc Forster","2008","Action|Adventure","6.7","Giancarlo Giannini"
"Pirates of the Caribbean: Dead Man's Chest","Gore Verbinski","2006","Action|Adventure|Fantasy","7.3","Johnny Depp"
"The Lone Ranger","Gore Verbinski","2013","Action|Adventure|Western","6.5","Johnny Depp"
"Man of Steel","Zack Snyder","2013","Action|Adventure|Fantasy|Sci-Fi","7.2","Henry Cavill"
"The Chronicles of Narnia: Prince Caspian","Andrew Adamson","2008","Action|Adventure|Family|Fantasy","6.6","Peter Dinklage"
"The Avengers","Joss Whedon","2012","Action|Adventure|Sci-Fi","8.1","Chris Hemsworth"
"Pirates of the Caribbean: On Stranger Tides","Rob Marshall","2011","Action|Adventure|Fantasy","6.7","Johnny Depp"
"Men in Black 3","Barry Sonnenfeld","2012","Action|Adventure|Comedy|Family|Fantasy|Sci-Fi","6.8","Will Smith"
"The Hobbit: The Battle of the Five Armies","Peter Jackson","2014","Adventure|Fantasy","7.5","Aidan Turner"
"The Amazing Spider-Man","Marc Webb","2012","Action|Adventure|Fantasy","7","Emma Stone"
"Robin Hood","Ridley Scott","2010","Action|Adventure|Drama|History","6.7","Mark Addy"
"The Hobbit: The Desolation of Smaug","Peter Jackson","2013","Adventure|Fantasy","7.9","Aidan Turner"
"The Golden Compass","Chris Weitz","2007","Adventure|Family|Fantasy","6.1","Christopher Lee"
"King Kong","Peter Jackson","2005","Action|Adventure|Drama|Romance","7.2","Naomi Watts"
"Titanic","James Cameron","1997","Drama|Romance","7.7","Leonardo DiCaprio"
"Captain America: Civil War","Anthony Russo","2016","Action|Adventure|Sci-Fi","8.2","Robert Downey Jr."
"Battleship","Peter Berg","2012","Action|Adventure|Sci-Fi|Thriller","5.9","Liam Neeson"
"Jurassic World","Colin Trevorrow","2015","Action|Adventure|Sci-Fi|Thriller","7","Bryce Dallas Howard"
"Skyfall","Sam Mendes","2012","Action|Adventure|Thriller","7.8","Albert Finney"
"Spider-Man 2","Sam Raimi","2004","Action|Adventure|Fantasy|Romance","7.3","J.K. Simmons"
"Iron Man 3","Shane Black","2013","Action|Adventure|Sci-Fi","7.2","Robert Downey Jr."
"Alice in Wonderland","Tim Burton","2010","Adventure|Family|Fantasy","6.5","Johnny Depp"
"X-Men: The Last Stand","Brett Ratner","2006","Action|Adventure|Fantasy|Sci-Fi|Thriller","6.8","Hugh Jackman"
"Monsters University","Dan Scanlon","2013","Adventure|Animation|Comedy|Family|Fantasy","7.3","Steve Buscemi"
"Transformers: Revenge of the Fallen","Michael Bay","2009","Action|Adventure|Sci-Fi","6","Glenn Morshower"
"Transformers: Age of Extinction","Michael Bay","2014","Action|Adventure|Sci-Fi","5.7","Bingbing Li"
"Oz the Great and Powerful","Sam Raimi","2013","Adventure|Family|Fantasy","6.4","Tim Holmes"
"The Amazing Spider-Man 2","Marc Webb","2014","Action|Adventure|Fantasy|Sci-Fi","6.7","Emma Stone"
"TRON: Legacy","Joseph Kosinski","2010","Action|Adventure|Sci-Fi","6.8","Jeff Bridges"
"Cars 2","John Lasseter","2011","Adventure|Animation|Comedy|Family|Sport","6.3","Joe Mantegna"
"Green Lantern","Martin Campbell","2011","Action|Adventure|Sci-Fi","5.6","Ryan Reynolds"
"Terminator Salvation","McG","2009","Action|Adventure|Sci-Fi","6.6","Christian Bale"
"Furious 7","James Wan","2015","Action|Crime|Thriller","7.2","Jason Statham"
"World War Z","Marc Forster","2013","Action|Adventure|Horror|Sci-Fi|Thriller","7","Peter Capaldi"
"X-Men: Days of Future Past","Bryan Singer","2014","Action|Adventure|Fantasy|Sci-Fi|Thriller","8","Jennifer Lawrence"
"Star Trek Into Darkness","J.J. Abrams","2013","Action|Adventure|Sci-Fi","7.8","Benedict Cumberbatch"
"Jack the Giant Slayer","Bryan Singer","2013","Adventure|Fantasy","6.3","Eddie Marsan"
"Brave","Mark Andrews","2012","Adventure|Animation|Comedy|Family|Fantasy","7.2","Kelly Macdonald"
"The Great Gatsby","Baz Luhrmann","2013","Drama|Romance","7.3","Leonardo DiCaprio"
"Prince of Persia: The Sands of Time","Mike Newell","2010","Action|Adventure|Fantasy|Romance","6.6","Jake Gyllenhaal"
"Pacific Rim","Guillermo del Toro","2013","Action|Adventure|Sci-Fi","7","Charlie Hunnam"
"Toy Story 3","Lee Unkrich","2010","Adventure|Animation|Comedy|Family|Fantasy","8.3","Tom Hanks"
"Transformers: Dark of the Moon","Michael Bay","2011","Action|Adventure|Sci-Fi","6.3","Glenn Morshower"
"Indiana Jones and the Kingdom of the Crystal Skull","Steven Spielberg","2008","Action|Adventure|Fantasy","6.2","Harrison Ford"
"The Good Dinosaur","Peter Sohn","2015","Adventure|Animation|Comedy|Family|Fantasy","6.8","A.J. Buckley"
"Star Trek Beyond","Justin Lin","2016","Action|Adventure|Sci-Fi|Thriller","7.5","Sofia Boutella"
"WALL_E","Andrew Stanton","2008","Adventure|Animation|Family|Sci-Fi","8.4","John Ratzenberger"
"Rush Hour 3","Brett Ratner","2007","Action|Comedy|Crime|Thriller","6.2","Tzi Ma"
"2012","Roland Emmerich","2009","Action|Adventure|Sci-Fi","5.8","Oliver Platt"
"A Christmas Carol","Robert Zemeckis","2009","Animation|Drama|Family|Fantasy","6.8","Robin Wright"
"Jupiter Ascending","Lana Wachowski","2015","Action|Adventure|Sci-Fi","5.4","Channing Tatum"
"The Legend of Tarzan","David Yates","2016","Action|Adventure|Drama|Romance","6.6","Christoph Waltz"
"The Chronicles of Narnia: The Lion, the Witch and the Wardrobe","Andrew Adamson","2005","Adventure|Family|Fantasy","6.9","Jim Broadbent"
"X-Men: Apocalypse","Bryan Singer","2016","Action|Adventure|Sci-Fi","7.3","Jennifer Lawrence"
"The Dark Knight","Christopher Nolan","2008","Action|Crime|Drama|Thriller","9","Christian Bale"
"Up","Pete Docter","2009","Adventure|Animation|Comedy|Family","8.3","John Ratzenberger"
"Monsters vs. Aliens","Rob Letterman","2009","Action|Adventure|Animation|Comedy|Family|Sci-Fi","6.5","Amy Poehler"
"Iron Man","Jon Favreau","2008","Action|Adventure|Sci-Fi","7.9","Robert Downey Jr."
"Hugo","Martin Scorsese","2011","Adventure|Drama|Family|Mystery","7.5","Chloe Grace Moretz"
"Wild Wild West","Barry Sonnenfeld","1999","Action|Comedy|Sci-Fi|Western","4.8","Will Smith"
"The Mummy: Tomb of the Dragon Emperor","Rob Cohen","2008","Action|Adventure|Fantasy|Horror|Thriller","5.2","Jet Li"
"Suicide Squad","David Ayer","2016","Action|Adventure|Comedy|Sci-Fi","6.9","Will Smith"
"Evan Almighty","Tom Shadyac","2007","Comedy|Family|Fantasy","5.4","Jimmy Bennett"
"Edge of Tomorrow","Doug Liman","2014","Action|Adventure|Sci-Fi","7.9","Tom Cruise"
"Waterworld","Kevin Reynolds","1995","Action|Adventure|Sci-Fi|Thriller","6.1","Jeanne Tripplehorn"
"G.I. Joe: The Rise of Cobra","Stephen Sommers","2009","Action|Adventure|Sci-Fi|Thriller","5.8","Joseph Gordon-Levitt"
"Inside Out","Pete Docter","2015","Adventure|Animation|Comedy|Drama|Family|Fantasy","8.3","Amy Poehler"
"The Jungle Book","Jon Favreau","2016","Adventure|Drama|Family|Fantasy","7.8","Scarlett Johansson"
"Iron Man 2","Jon Favreau","2010","Action|Adventure|Sci-Fi","7","Robert Downey Jr."
"Snow White and the Huntsman","Rupert Sanders","2012","Action|Adventure|Drama|Fantasy","6.1","Chris Hemsworth"
"Maleficent","Robert Stromberg","2014","Action|Adventure|Family|Fantasy|Romance","7","Angelina Jolie Pitt"
"Dawn of the Planet of the Apes","Matt Reeves","2014","Action|Adventure|Drama|Sci-Fi","7.6","Gary Oldman"
"The Lovers","Roland Joffe","2015","Action|Adventure|Romance|Sci-Fi","4.5","Tamsin Egerton"
"47 Ronin","Carl Rinsch","2013","Action|Adventure|Drama|Fantasy","6.3","Keanu Reeves"
"Captain America: The Winter Soldier","Anthony Russo","2014","Action|Adventure|Sci-Fi","7.8","Scarlett Johansson"
"Shrek Forever After","Mike Mitchell","2010","Adventure|Animation|Comedy|Family|Fantasy","6.4","Jon Hamm"
"Tomorrowland","Brad Bird","2015","Action|Adventure|Family|Mystery|Sci-Fi","6.5","Judy Greer"
"Big Hero 6","Don Hall","2014","Action|Adventure|Animation|Comedy|Drama|Family|Sci-Fi","7.9","Damon Wayans Jr."
"Wreck-It Ralph","Rich Moore","2012","Adventure|Animation|Comedy|Family|Sci-Fi","7.8","Jack McBrayer"
"The Polar Express","Robert Zemeckis","2004","Adventure|Animation|Family|Fantasy","6.6","Tom Hanks"
"Independence Day: Resurgence","Roland Emmerich","2016","Action|Adventure|Sci-Fi","5.5","Vivica A. Fox"
"How to Train Your Dragon","Dean DeBlois","2010","Adventure|Animation|Family|Fantasy","8.2","Gerard Butler"
"Terminator 3: Rise of the Machines","Jonathan Mostow","2003","Action|Sci-Fi","6.4","Nick Stahl"
"Guardians of the Galaxy","James Gunn","2014","Action|Adventure|Sci-Fi","8.1","Bradley Cooper"
"Interstellar","Christopher Nolan","2014","Adventure|Drama|Sci-Fi","8.6","Matthew McConaughey"
"Inception","Christopher Nolan","2010","Action|Adventure|Sci-Fi|Thriller","8.8","Leonardo DiCaprio"
"Godzilla Resurgence","Hideaki Anno","2016","Action|Adventure|Drama|Horror|Sci-Fi","8.2","Mark Chinnery"
"The Hobbit: An Unexpected Journey","Peter Jackson","2012","Adventure|Fantasy","7.9","Aidan Turner"
"The Fast and the Furious","Rob Cohen","2001","Action|Crime|Thriller","6.7","Paul Walker"
"The Curious Case of Benjamin Button","David Fincher","2008","Drama|Fantasy|Romance","7.8","Brad Pitt"
"X-Men: First Class","Matthew Vaughn","2011","Action|Adventure|Sci-Fi","7.8","Jennifer Lawrence"
"The Hunger Games: Mockingjay - Part 2","Francis Lawrence","2015","Adventure|Sci-Fi","6.6","Jennifer Lawrence"
"The Sorcerer's Apprentice","Jon Turteltaub","2010","Action|Adventure|Family|Fantasy","6.1","Nicolas Cage"
"Poseidon","Wolfgang Petersen","2006","Action|Adventure|Drama|Thriller","5.6","Jimmy Bennett"
"Alice Through the Looking Glass","James Bobin","2016","Adventure|Family|Fantasy","6.4","Johnny Depp"
"Shrek the Third","Chris Miller","2007","Adventure|Animation|Comedy|Family|Fantasy","6.1","Justin Timberlake"
"Warcraft","Duncan Jones","2016","Action|Adventure|Fantasy","7.3","Dominic Cooper"
"Terminator Genisys","Alan Taylor","2015","Action|Adventure|Sci-Fi","6.6","J.K. Simmons"
"The Chronicles of Narnia: The Voyage of the Dawn Treader","Michael Apted","2010","Adventure|Family|Fantasy","6.3","Bruce Spence"
"Pearl Harbor","Michael Bay","2001","Action|Drama|History|Romance|War","6.1","Jennifer Garner"
"Transformers","Michael Bay","2007","Action|Adventure|Sci-Fi","7.1","Zack Ward"
"Alexander","Oliver Stone","2004","Action|Adventure|Biography|Drama|History|Romance|War","5.5","Anthony Hopkins"
"Harry Potter and the Order of the Phoenix","David Yates","2007","Adventure|Family|Fantasy|Mystery","7.5","Robert Pattinson"
"Harry Potter and the Goblet of Fire","Mike Newell","2005","Adventure|Family|Fantasy|Mystery","7.6","Robert Pattinson"
"Hancock","Peter Berg","2008","Action|Drama","6.4","Will Smith"
"I Am Legend","Francis Lawrence","2007","Drama|Horror|Sci-Fi","7.2","Will Smith"
"Charlie and the Chocolate Factory","Tim Burton","2005","Adventure|Comedy|Family|Fantasy","6.7","Johnny Depp"
"Ratatouille","Brad Bird","2007","Animation|Comedy|Family|Fantasy","8","Janeane Garofalo"
"Batman Begins","Christopher Nolan","2005","Action|Adventure","8.3","Christian Bale"
"Madagascar: Escape 2 Africa","Eric Darnell","2008","Action|Adventure|Animation|Comedy|Family","6.7","Bernie Mac"
"Night at the Museum: Battle of the Smithsonian","Shawn Levy","2009","Adventure|Comedy|Family|Fantasy","5.9","Robin Williams"
"X-Men Origins: Wolverine","Gavin Hood","2009","Action|Adventure|Fantasy|Sci-Fi|Thriller","6.7","Hugh Jackman"
"The Matrix Revolutions","Lana Wachowski","2003","Action|Sci-Fi","6.7","Essie Davis"
"Frozen","Chris Buck","2013","Adventure|Animation|Comedy|Family|Fantasy|Musical","7.6","Josh Gad"
"The Matrix Reloaded","Lana Wachowski","2003","Action|Sci-Fi","7.2","Steve Bastoni"
"Thor: The Dark World","Alan Taylor","2013","Action|Adventure|Fantasy","7.1","Chris Hemsworth"
"Mad Max: Fury Road","George Miller","2015","Action|Adventure|Sci-Fi|Thriller","8.1","Tom Hardy"
"Angels & Demons","Ron Howard","2009","Mystery|Thriller","6.7","Tom Hanks"
"Thor","Kenneth Branagh","2011","Action|Adventure|Fantasy","7","Chris Hemsworth"
"Bolt","Byron Howard","2008","Adventure|Animation|Comedy|Drama|Family","6.9","Chloe Grace Moretz"
"G-Force","Hoyt Yeatman","2009","Action|Adventure|Animation|Comedy|Family|Fantasy|Sci-Fi","5.1","Kelli Garner"
"Wrath of the Titans","Jonathan Liebesman","2012","Action|Adventure|Fantasy","5.8","Liam Neeson"
"Dark Shadows","Tim Burton","2012","Comedy|Fantasy|Horror","6.2","Johnny Depp"
"Mission: Impossible - Rogue Nation","Christopher McQuarrie","2015","Action|Adventure|Thriller","7.4","Tom Cruise"
"The Wolfman","Joe Johnston","2010","Drama|Fantasy|Horror|Thriller","5.8","Anthony Hopkins"
"The Legend of Tarzan","David Yates","2016","Action|Adventure|Drama|Romance","6.6","Christoph Waltz"
"Bee Movie","Steve Hickner","2007","Adventure|Animation|Comedy|Family","6.2","Matthew Broderick"
"Kung Fu Panda 2","Jennifer Yuh Nelson","2011","Action|Adventure|Animation|Comedy|Family","7.3","Angelina Jolie Pitt"
"The Last Airbender","M. Night Shyamalan","2010","Action|Adventure|Family|Fantasy","4.2","Seychelle Gabriel"
"Mission: Impossible III","J.J. Abrams","2006","Action|Adventure|Thriller","6.9","Philip Seymour Hoffman"
"White House Down","Roland Emmerich","2013","Action|Drama|Thriller","6.4","Channing Tatum"
"Mars Needs Moms","Simon Wells","2011","Action|Adventure|Animation|Comedy|Family|Sci-Fi","5.4","Elisabeth Harnois"
"Flushed Away","David Bowers","2006","Adventure|Animation|Comedy|Family","6.7","Hugh Jackman"
"Pan","Joe Wright","2015","Adventure|Family|Fantasy","5.8","Hugh Jackman"
"Mr. Peabody & Sherman","Rob Minkoff","2014","Adventure|Animation|Comedy|Family|Sci-Fi","6.9","Ty Burrell"
"Troy","Wolfgang Petersen","2004","Adventure","7.2","Brad Pitt"
"Madagascar 3: Europe's Most Wanted","Eric Darnell","2012","Adventure|Animation|Comedy|Family","6.9","Jada Pinkett Smith"
"Die Another Day","Lee Tamahori","2002","Action|Adventure|Thriller","6.1","Toby Stephens"
"Ghostbusters","Paul Feig","2016","Action|Comedy|Fantasy|Sci-Fi","5.5","Ed Begley Jr."
"Armageddon","Michael Bay","1998","Action|Adventure|Sci-Fi|Thriller","6.6","Bruce Willis"
"Men in Black II","Barry Sonnenfeld","2002","Action|Adventure|Comedy|Family|Fantasy|Mystery|Sci-Fi","6.1","Will Smith"
"Beowulf","Robert Zemeckis","2007","Action|Adventure|Animation|Fantasy","6.3","Robin Wright"
"Kung Fu Panda 3","Alessandro Carloni","2016","Action|Adventure|Animation|Comedy|Family","7.2","J.K. Simmons"
"Mission: Impossible - Ghost Protocol","Brad Bird","2011","Action|Adventure|Thriller","7.4","Tom Cruise"
"Rise of the Guardians","Peter Ramsey","2012","Adventure|Animation|Family|Fantasy","7.3","Hugh Jackman"
"Fun with Dick and Jane","Dean Parisot","2005","Comedy|Crime","6.1","John Michael Higgins"
"The Last Samurai","Edward Zwick","2003","Action|Drama|History|War","7.7","Tom Cruise"
"Exodus: Gods and Kings","Ridley Scott","2014","Action|Adventure|Drama","6.1","Christian Bale"
"Star Trek","J.J. Abrams","2009","Action|Adventure|Sci-Fi","8","Chris Hemsworth"
"Spider-Man","Sam Raimi","2002","Action|Adventure|Fantasy|Romance","7.3","J.K. Simmons"
"How to Train Your Dragon 2","Dean DeBlois","2014","Action|Adventure|Animation|Comedy|Family|Fantasy","7.9","Gerard Butler"
"Gods of Egypt","Alex Proyas","2016","Action|Adventure|Fantasy","5.5","Gerard Butler"
"Stealth","Rob Cohen","2005","Action|Adventure|Sci-Fi|Thriller","5","Sam Shepard"
"Watchmen","Zack Snyder","2009","Action|Drama|Mystery|Sci-Fi","7.7","Matt Frewer"
"Lethal Weapon 4","Richard Donner","1998","Action|Crime|Thriller","6.6","Jet Li"
"Hulk","Ang Lee","2003","Action|Sci-Fi","5.7","Kevin Rankin"
"G.I. Joe: Retaliation","Jon M. Chu","2013","Action|Adventure|Sci-Fi|Thriller","5.8","Channing Tatum"
"Sahara","Breck Eisner","2005","Action|Adventure|Comedy|Thriller","6","Matthew McConaughey"
"Final Fantasy: The Spirits Within","Hironobu Sakaguchi","2001","Action|Adventure|Animation|Fantasy|Romance|Sci-Fi","6.4","Steve Buscemi"
"Captain America: The First Avenger","Joe Johnston","2011","Action|Adventure|Sci-Fi","6.9","Chris Evans"
"The World Is Not Enough","Michael Apted","1999","Action|Adventure|Thriller","6.4","Colin Salmon"
"Master and Commander: The Far Side of the World","Peter Weir","2003","Action|Adventure|Drama|History|War","7.4","James D'Arcy"
"The Twilight Saga: Breaking Dawn - Part 2","Bill Condon","2012","Adventure|Drama|Fantasy|Romance","5.5","Robert Pattinson"
"Happy Feet 2","George Miller","2011","Animation|Comedy|Family|Musical","5.9","Robin Williams"
"The Incredible Hulk","Louis Leterrier","2008","Action|Adventure|Sci-Fi","6.8","Ty Burrell"
"Miami Vice_            ","","","Action|Crime|Drama|Mystery|Thriller","7.5","Don Johnson"
"The BFG","Steven Spielberg","2016","Adventure|Family|Fantasy","6.8","Mark Rylance"
"Beyond the Black Rainbow","Panos Cosmatos","2010","Sci-Fi|Thriller","6.1","Chris Gauthier"
"The Raid: Redemption","Gareth Evans","2011","Action|Crime|Thriller","7.6","Iko Uwais"
"The Dead Undead","Matthew R. Anderson","2010","Action|Horror|Sci-Fi","3","Johnny Pacar"
"The Vatican Exorcisms","Joe Marino","2013","Horror","2.6","Piero Maggio"
"Casablanca","Michael Curtiz","1942","Drama|Romance|War","8.6","Humphrey Bogart"
"Lake Mungo","Joel Anderson","2008","Drama|Horror|Mystery|Thriller","6.1","Talia Zucker"
"Rocket Singh: Salesman of the Year","Shimit Amin","2009","Comedy|Drama","7.5","Ranbir Kapoor"
"Silent Running","Douglas Trumbull","1972","Drama|Sci-Fi","6.7","Bruce Dern"
"Rocky","John G. Avildsen","1976","Drama|Sport","8.1","Sylvester Stallone"
"The Sleepwalker","Mona Fastvold","2014","Drama","4.9","Christopher Abbott"
"The Fog","John Carpenter","1980","Fantasy|Horror","6.8","Jamie Lee Curtis"
"Tom Jones","Tony Richardson","1963","Adventure|Comedy|History","6.8","Albert Finney"
"Unfriended","Levan Gabriadze","2014","Horror|Mystery|Thriller","5.7","Shelley Hennig"
"Taxi Driver","Martin Scorsese","1976","Crime|Drama","8.3","Robert De Niro"
"The Howling","Joe Dante","1981","Horror","6.6","Patrick Macnee"
"Dr. No","Terence Young","1962","Action|Adventure|Thriller","7.3","Ursula Andress"
"Chernobyl Diaries","Bradley Parker","2012","Horror|Mystery|Sci-Fi|Thriller","5","Jesse McCartney"
"Hellraiser","Clive Barker","1987","Fantasy|Horror","7","Andrew Robinson"
"God's Not Dead 2","Harold Cronk","2016","Drama","3.4","Benjamin A. Onyango"
"Cry_Wolf","Jeff Wadlow","2005","Drama|Horror|Mystery|Thriller","5.9","Julian Morris"
"Godzilla 2000","Takao Okawara","1999","Action|Adventure|Drama|Sci-Fi|Thriller","6","Hiroshi Abe"
"Blue Valentine","Derek Cianfrance","2010","Drama|Romance","7.4","Ryan Gosling"
"Transamerica","Duncan Tucker","2005","Adventure|Comedy|Drama","7.4","Kevin Zegers"
"The Devil Inside","William Brent Bell","2012","Horror","4.2","Fernanda Andrade"
"Beyond the Valley of the Dolls","Russ Meyer","1970","Comedy|Drama|Music","6.2","Charles Napier"
"Love Me Tender","Robert D. Webb","1956","Drama|Romance|Western","6.2","James Drury"
"An Inconvenient Truth","Davis Guggenheim","2006","Documentary","7.5","Billy West"
"Sands of Iwo Jima","Allan Dwan","1949","Action|Drama|Romance|War","7.2","James Brown"
"Shine a Light","Martin Scorsese","2008","Biography|Documentary|Music","7.2","Mick Jagger"
"The Green Inferno","Eli Roth","2013","Adventure|Horror","5.4","Daryl Sabara"
"Departure","Andrew Steggall","2015","Drama|Family|Romance","7","Juliet Stevenson"
"The Sessions","Ben Lewin","2012","Biography|Comedy|Drama|Romance","7.2","W. Earl Brown"
"Food, Inc.","Robert Kenner","2008","Documentary","7.9","Michael Pollan"
"October Baby","Andrew Erwin","2011","Drama","6.8","Rachel Hendrix"
"Next Stop Wonderland","Brad Anderson","1998","Comedy|Drama|Romance","6.7","Philip Seymour Hoffman"
"Juno","Jason Reitman","2007","Comedy|Drama|Romance","7.5","J.K. Simmons"
"The Skeleton Twins","Craig Johnson","2014","Comedy|Drama","6.8","Ty Burrell"
"Martha Marcy May Marlene","Sean Durkin","2011","Drama|Mystery|Thriller","6.9","Christopher Abbott"
"Obvious Child","Gillian Robespierre","2014","Comedy|Drama","6.8","Gaby Hoffmann"
"Frozen River","Courtney Hunt","2008","Crime|Drama","7.2","Charlie McDermott"
"20 Feet from Stardom","Morgan Neville","2013","Documentary|Music","7.4","Sheryl Crow"
"Two Girls and a Guy","James Toback","1997","Comedy|Drama","5.6","Robert Downey Jr."
"Walking and Talking","Nicole Holofcener","1996","Comedy|Drama|Romance","6.8","Kevin Corrigan"
"The Full Monty","Peter Cattaneo","1997","Comedy|Drama|Music","7.2","Tom Wilkinson"
"Who Killed the Electric Car?","Chris Paine","2006","Documentary","7.7","Ed Begley Jr."
"The Broken Hearts Club: A Romantic Comedy","Greg Berlanti","2000","Comedy|Drama|Romance|Sport","7","Justin Theroux"
"Bubba Ho-Tep","Don Coscarelli","2002","Comedy|Fantasy|Mystery","7.2","Daniel Roebuck"
"Goosebumps","Rob Letterman","2015","Adventure|Comedy|Family|Fantasy|Horror","6.4","Odeya Rush"
"Slam","Marc Levin","1998","Drama","7.2","Sonja Sohn"
"Brigham City","Richard Dutcher","2001","Crime|Drama|Mystery","7.2","Wilford Brimley"
"Fiza","Khalid Mohamed","2000","Drama|Romance","6.2","Karisma Kapoor"
"History of the World: Part I","Mel Brooks","1981","Comedy","6.9","Madeline Kahn"
"Orgazmo","Trey Parker","1997","Comedy|Sci-Fi","6.2","Trey Parker"
"All the Real Girls","David Gordon Green","2003","Drama|Romance","6.9","Zooey Deschanel"
"Dream with the Fishes","Finn Taylor","1997","Comedy|Drama","7","David Arquette"
"Blue Car","Karen Moncrieff","2002","Drama","6.7","Frances Fisher"
"Luminarias","Jose Luis Valenzuela","2000","Comedy|Romance","3.6","Cheech Marin"
"Palo Alto","Gia Coppola","2013","Drama","6.3","James Franco"
"Ajami","Scandar Copti","2009","Crime|Drama","7.4","Shahir Kabaha"
"Wristcutters: A Love Story","Goran Dukic","2006","Comedy|Drama|Fantasy|Romance","7.4","Leslie Bibb"
"I Origins","Mike Cahill","2014","Drama|Romance|Sci-Fi","7.3","Steven Yeun"
"The Battle of Shaker Heights","Efram Potelle","2003","Comedy|Drama|Romance","6.1","Shiri Appleby"
"The Lovely Bones","Peter Jackson","2009","Drama|Fantasy|Thriller","6.7","Michael Imperioli"
"The Act of Killing","Joshua Oppenheimer","2012","Biography|Crime|Documentary|History","8.2","Anwar Congo"
"Taxi to the Dark Side","Alex Gibney","2007","Crime|Documentary|War","7.7","Alex Gibney"
"Once in a Lifetime: The Extraordinary Story of the New York Cosmos","Paul Crowder","2006","Documentary|Sport","7.3","Pele"
"Guiana 1838","Rohit Jagessar","2004","Drama","7.4","Kumar Gaurav"
"Lisa Picard Is Famous","Griffin Dunne","2000","Comedy|Drama","5.7","Mira Sorvino"
"Antarctica: A Year on Ice","Anthony Powell","2013","Adventure|Biography|Documentary|Drama","7.6","Josh Swanson"
"A Lego Brickumentary","Kief Davidson","2014","Documentary","6.8","G.W. Krauss"
"Hardflip","Johnny Remo","2012","Action|Drama","5.6","Matthew Ziff"
"Chocolate: Deep Dark Secrets","Vivek Agnihotri","2005","Thriller","4.8","Emraan Hashmi"
"The House of the Devil","Ti West","2009","Horror","6.4","Lena Dunham"
"The Perfect Host","Nick Tomnay","2010","Comedy|Crime|Thriller","6.8","David Hyde Pierce"
"Safe Men","John Hamburg","1998","Comedy|Crime","6.1","Harvey Fierstein"
"Speedway Junky","Nickolas Perry","1999","Crime|Drama|Romance","5.2","Patrick Renna"
"The Last Big Thing","Dan Zukovic","1996","Comedy|Drama","6.9","Yul Vazquez"
"The Specials","Craig Mazin","2000","Action|Comedy|Fantasy|Sci-Fi","6","Judy Greer"
"16 to Life","Becky Smith","2009","Comedy|Romance","6.3","Will Rothhaar"
"Alone with Her","Eric Nicholas","2006","Crime|Drama|Thriller","6.1","Jordana Spiro"
"Creative Control","Benjamin Dickinson","2015","Drama|Sci-Fi","5.5","Nora Zehetner"
"Special","Hal Haberman","2006","Comedy|Drama|Sci-Fi","6.9","Michael Rapaport"
"Sparkler","Darren Stein","1997","Comedy|Drama","5.6","Frances Bay"
"The Helix... Loaded","A. Raven Cruz","2005","Action|Adventure|Comedy|Fantasy|Sci-Fi","1.9","Scott Levy"
"In Her Line of Fire","Brian Trenchard-Smith","2006","Action|Drama","4.1","David Keith"
"The Jimmy Show","Frank Whaley","2001","Comedy|Drama","5.4","Lynn Cohen"
"Heli","Amat Escalante","2013","Crime|Drama|Romance","6.8","Kenny Johnston"
"Karachi se Lahore","Wajahat Rauf","2015","Comedy|Family","7","Rasheed Naz"
"Loving Annabelle","Katherine Brooks","2006","Drama|Romance","6.7","Ilene Graff"
"Hits","David Cross","2014","Comedy|Drama","5.8","Jason Ritter"
"Jimmy and Judy","Randall Rubin","2006","Crime|Drama|Thriller","6.2","Nicole Randall Johnson"
"Frat Party","Robert Bennett","2009","Comedy","2.8","Randy Wayne"
"The Party's Over","Guy Hamilton","1965","Drama","7.3","Oliver Reed"
"Proud","Mary Pat Kelly","2004","Drama","5.8","Aidan Quinn"
"The Poker House","Lori Petty","2008","Drama","6.5","Jennifer Lawrence"
"Childless","Charlie Levi","2008","Drama","6.1","Joe Mantegna"
"ZMD: Zombies of Mass Destruction","Kevin Hamedani","2009","Comedy|Horror|Sci-Fi","5.1","Russell Hodgkinson"
"Snow White: A Deadly Summer","David DeCoteau","2012","Horror","2.2","Maureen McCormick"
"Hidden Away","Mikel Rueda","2014","Drama|Romance","7.2","Alex Angulo"
"My Last Day Without You","Stefan C. Schaefer","2011","Comedy|Drama|Romance","5.7","Nicole Beharie"
"Steppin: The Movie","Michael Taliferro","2009","Comedy|Music","3.4","Wesley Jonathan"
"Doc Holliday's Revenge","David DeCoteau","2014","Western","3.8","William McNamara"
"Black Rock","Katie Aselton","2012","Horror|Thriller","4.7","Katie Aselton"
"Truth or Die","Robert Heath","2012","Horror|Mystery","5.6","David Oakes"
"The Pet","D. Stevens","2006","Drama|Thriller","3.9","Magi Avila"
"Bang Bang Baby","Jeffrey St. Jules","2014","Drama|Musical|Sci-Fi","5.4","Boyd Banks"
"Fear Clinic","Robert Hall","2015","Horror","5.2","Angelina Armani"
"Zombie Hunter","K. King","2013","Action|Comedy|Horror","3.5","Jason K. Wixom"
"A Fine Step","Jonathan Meyers","2014","Drama","5.3","Justin Baldoni"
"Trance","Danny Boyle","2013","Crime|Drama|Mystery|Thriller","7","Rosario Dawson"
"Charly","Ralph Nelson","1968","Drama|Romance|Sci-Fi","7.1","Cliff Robertson"
"Banshee Chapter","Blair Erickson","2013","Horror|Thriller","5.5","Monique Candelaria"
"Jesse_            ","","","Comedy","5.9","Eric Lloyd"
"Ask Me Anything","Allison Burnett","2014","Drama","6","Kimberly Williams-Paisley"
"And Then Came Love","Richard Schenkman","2007","Comedy|Romance","4.8","Vanessa Williams"
"Food Chains","Sanjay Rawal","2014","Documentary|News","7.1","Alma Martinez"
"On the Waterfront","Elia Kazan","1954","Crime|Drama|Romance","8.2","Marlon Brando"
"L!fe Happens","Kat Coiro","2011","Comedy","5.7","Justin Kirk"
"4 Months, 3 Weeks and 2 Days","Cristian Mungiu","2007","Drama","7.9","Anamaria Marinca"
"The Horror Network Vol. 1","Brian Dorton","2015","Horror","7.3","Javier Botet"
"Hard Candy","David Slade","2005","Crime|Drama|Thriller","7.1","Odessa Rae"
"The Quiet","Jamie Babbit","2005","Drama|Thriller","6.4","Katy Mixon"
"Circumstance","Maryam Keshavarz","2011","Drama","5.9","Sarah Kazemy"
"Fruitvale Station","Ryan Coogler","2013","Biography|Drama|Romance","7.5","Ahna O'Reilly"
"The Brass Teapot","Ramaa Mosley","2012","Comedy|Fantasy|Thriller","6.4","Jack McBrayer"
"Bambi","James Algar","1942","Animation|Drama|Family","7.4","Sam Edwards"
"The Hammer","Charles Herman-Wurmfeld","2007","Comedy|Romance|Sport","7.3","John Enos III"
"Snitch","Ric Roman Waugh","2013","Action|Drama|Thriller","6.5","Dwayne Johnson"
"Latter Days","C. Jay Cox","2003","Comedy|Drama|Romance","7.2","Joseph Gordon-Levitt"
"Elza","Mariette Monpierre","2011","Drama","6.7","Stana Roumillac"
"1982","Tommy Oliver","2013","Drama","7.1","Bokeem Woodbine"
"For a Good Time, Call...","Jamie Travis","2012","Comedy","6","James Wolk"
"Celeste & Jesse Forever","Lee Toland Krieger","2012","Comedy|Drama|Romance","6.7","Ari Graynor"
"Time Changer","Rich Christiano","2002","Drama|Fantasy|Sci-Fi","5.6","Gavin MacLeod"
"London to Brighton","Paul Andrew Williams","2006","Crime|Drama|Thriller","7","Lorraine Stanley"
"American Hero","Nick Love","2015","Action|Comedy|Drama|Sci-Fi","4.9","Eddie Griffin"
"Windsor Drive","Natalie Bible'","2015","Mystery|Thriller","3.2","Tommy O'Reilly"
"A Separation","Asghar Farhadi","2011","Drama|Mystery","8.4","Shahab Hosseini"
"Crying with Laughter","Justin Molotnikov","2009","Thriller","6.9","Jo Hartley"
"Welcome to the Dollhouse","Todd Solondz","1995","Comedy|Drama","7.5","Heather Matarazzo"
"Ruby in Paradise","Victor Nunez","1993","Drama|Romance","7.2","Allison Dean"
"Raising Victor Vargas","Peter Sollett","2002","Drama|Romance","7.2","Victor Rasuk"
"Pandora's Box","Georg Wilhelm Pabst","1929","Crime|Drama|Romance","8","Louise Brooks"
"Harrison Montgomery","Daniel Davila","2008","Drama","7.4","Martin Landau"
"Live-In Maid","Jorge Gaggero","2004","Drama","7.2","Norma Aleandro"
"Deterrence","Rod Lurie","1999","Drama|Thriller","6.5","Kevin Pollak"
"The Mudge Boy","Michael Burke","2003","Crime|Drama|Romance","7.2","Zachary Knighton"
"The Young Unknowns","Catherine Jelski","2000","Drama","4.2","Leslie Bibb"
"Not Cool","Shane Dawson","2014","Comedy","5.1","Shane Dawson"
"Dead Snow","Tommy Wirkola","2009","Comedy|Horror","6.4","Bjorn Sundquist"
"Saints and Soldiers","Ryan Little","2003","Action|Adventure|Drama|War","6.8","Corbin Allred"
"Vessel","Clark Baker","2012","Horror|Sci-Fi|Short|Thriller","6.2","Taylor Pigeon"
"American Graffiti","George Lucas","1973","Comedy|Drama|Music","7.5","Harrison Ford"
"Iraq for Sale: The War Profiteers","Robert Greenwald","2006","Documentary|War","7.7","Scott Helvenston"
"Aqua Teen Hunger Force Colon Movie Film for Theaters","Matt Maiellaro","2007","Action|Adventure|Animation|Comedy|Fantasy|Sci-Fi","6.9","Tina Fey"
"Safety Not Guaranteed","Colin Trevorrow","2012","Comedy|Drama|Romance","7","Mary Lynn Rajskub"
"Kevin Hart: Laugh at My Pain","Leslie Small","2011","Comedy|Documentary","7.5","Isaac C. Singleton Jr."
"Kill List","Ben Wheatley","2011","Crime|Horror|Thriller","6.3","MyAnna Buring"
"The Innkeepers","Ti West","2011","Horror","5.5","Lena Dunham"
"The Unborn","David S. Goyer","2009","Drama|Fantasy|Horror|Mystery|Thriller","4.8","Gary Oldman"
"The Conformist","Bernardo Bertolucci","1970","Drama","8.1","Jean-Louis Trintignant"
"Interview with the Assassin","Neil Burger","2002","Drama","6.6","Raymond J. Barry"
"Donkey Punch","Oliver Blackburn","2008","Crime|Drama|Horror|Thriller","5.2","Julian Morris"
"All the Boys Love Mandy Lane","Jonathan Levine","2006","Horror","5.6","Luke Grimes"
"Bled","Christopher Hutson","2009","Horror","3.1","Dichen Lachman"
"High Noon","Fred Zinnemann","1952","Thriller|Western","8.1","Gary Cooper"
"Hoop Dreams","Steve James","1994","Documentary|Drama|Sport","8.3","William Gates"
"Rize","David LaChapelle","2005","Documentary|Music","7.1","Kevin Scott Richardson"
"Destiny","Joseph Kosinski","2014","Action|Adventure|Fantasy|Sci-Fi","8.1","Peter Dinklage"
"L.I.E.","Michael Cuesta","2001","Crime|Drama","7.2","Adam LeFevre"
"The Sisterhood of Night","Caryn Waechter","2014","Drama|Mystery|Thriller","6.3","Laura Fraser"
"B-Girl","Emily Dell","2009","Drama|Music|Romance","4","Aimee Garcia"
"King Kong","Peter Jackson","2005","Action|Adventure|Drama|Romance","7.2","Naomi Watts"
"House of Wax","Jaume Collet-Serra","2005","Horror","5.3","Robert Ri'chard"
"Half Nelson","Ryan Fleck","2006","Drama","7.2","Ryan Gosling"
"Naturally Native","Jennifer Wynne Farmer","1998","Drama","6.5","Irene Bedard"
"Hav Plenty","Christopher Scott Cherot","1997","Comedy","6.5","Hill Harper"
"Adulterers","H.M. Coakley","2015","Crime|Drama|Thriller","4.9","Mehcad Brooks"
"Escape from Tomorrow","Randy Moore","2013","Fantasy|Horror","5.2","Trey Loney"
"Starsuckers","Chris Atkins","2009","Documentary","7.4","Richard Curtis"
"The Hadza: Last of the First","Bill Benenson","2014","Documentary","7.4","Alfre Woodard"
"After","Ryan Smith","2012","Fantasy|Horror|Mystery|Thriller","5.4","Sandra Ellis Lafferty"
"Treachery","Travis Romero","2013","Drama|Thriller","3.9","Matthew Ziff"
"Walter","Anna Mastro","2015","Comedy|Drama","5.3","Leven Rambin"
"Top Hat","Mark Sandrich","1935","Comedy|Musical|Romance","7.8","Ginger Rogers"
"The Blair Witch Project","Daniel Myrick","1999","Horror","6.4","Heather Donahue"
"Woodstock","Michael Wadleigh","1970","Documentary|History|Music","8.1","Joe Cocker"
"The Kentucky Fried Movie","John Landis","1977","Comedy","6.5","David Zucker"
"Mercy Streets","Jon Gunn","2000","Action|Crime|Drama","5.6","Stacy Keach"
"Arnolds Park","Gene Teigland","2007","Mystery|Thriller","5.6","Kendyl Joi"
"Broken Vessels","Scott Ziehl","1998","Drama","6.6","William Smith"
"Water & Power","Richard Montoya","2013","Crime|Drama","6.3","Nicholas Gonzalez"
"They Will Have to Kill Us First","Johanna Schwartz","2015","Documentary","7.7","Aliou Toure"
"Crop Circles: Quest for Truth","William Gazecki","2002","Documentary","7","Karen Alexander"
"Light from the Darkroom","Lance McDaniel","2014","Action|Drama|Thriller","8","Russell Wong"
"Irreplaceable","Thomas Lilti","2016","Comedy|Drama","7.2","Francois Cluzet"
"The Maid's Room","Michael Walker","2013","Thriller","4.5","Paula Garces"
"A Hard Day's Night","Richard Lester","1964","Comedy|Musical","7.7","Paul McCartney"
"The Harvest/La Cosecha","U. Roberto Romano","2011","Documentary","7.2",""
"Love Letters","Amy Holden Jones","1983","Drama|Romance","6.1","Jamie Lee Curtis"
"Julija in alfa Romeo","Blaz Zavrsnik","2015","Comedy","6.4","Dario Nozic Serini"
"Fireproof","Alex Kendrick","2008","Drama|Romance","6.5","Kirk Cameron"
"Faith Connections","Pan Nalin","2013","Biography|Documentary|Drama","7","Bhole Baba"
"Benji","Joe Camp","1974","Adventure|Family|Romance","6.1","Frances Bavier"
"Open Water","Chris Kentis","2003","Adventure|Biography|Drama|Horror|Thriller","5.7","Blanchard Ryan"
"High Road","Matt Walsh","2011","Comedy","5.4","Joe Lo Truglio"
"Kingdom of the Spiders","John 'Bud' Cardos","1977","Horror|Sci-Fi","5.9","Woody Strode"
"Mad Hot Ballroom","Marilyn Agrelo","2005","Documentary|Family|Music","7.5","Heather Berman"
"The Station Agent","Tom McCarthy","2003","Comedy|Drama","7.7","Peter Dinklage"
"To Save a Life","Brian Baugh","2009","Drama","7.1","Randy Wayne"
"Wordplay","Patrick Creadon","2006","Documentary","7.4","Ken Burns"
"Beyond the Mat","Barry W. Blaustein","1999","Biography|Documentary|Sport","7.6","Terry Funk"
"The Singles Ward","Kurt Hale","2002","Comedy|Drama|Romance","6.4","Kirby Heyborne"
"Osama","Siddiq Barmak","2003","Drama","7.4","Marina Golbahari"
"Sholem Aleichem: Laughing in the Darkness","Joseph Dorman","2011","Documentary","6.8","Rachel Dratch"
"Groove","Greg Harrison","2000","Drama|Music","6.5","Rachel True"
"The R.M.","Kurt Hale","2003","Comedy|Crime|Family","6","Kirby Heyborne"
"Twin Falls Idaho","Michael Polish","1999","Drama","7.3","Sasha Alexander"
"Mean Creek","Jacob Aaron Estes","2004","Crime|Drama","7.3","Rory Culkin"
"Hurricane Streets","Morgan J. Freeman","1997","Crime|Drama|Romance","6.5","Edie Falco"
"Never Again","Eric Schaeffer","2001","Comedy|Romance","6","Peter Dinklage"
"Civil Brand","Neema Barnette","2002","Crime|Drama|Thriller","5.3","Monica Calhoun"
"Lonesome Jim","Steve Buscemi","2005","Comedy|Drama","6.6","Kevin Corrigan"
"Drinking Buddies","Joe Swanberg","2013","Comedy|Drama|Romance","6.1","Olivia Wilde"
"Deceptive Practice: The Mysteries and Mentors of Ricky Jay","Molly Bernstein","2012","Documentary","7.1","David Mamet"
"Seven Samurai","Akira Kurosawa","1954","Action|Adventure|Drama","8.7","Takashi Shimura"
"The Other Dream Team","Marius A. Markevicius","2012","Documentary|Sport","8.4","Tommy Sheppard"
"Johnny Suede","Tom DiCillo","1991","Comedy|Music|Romance","5.8","Brad Pitt"
"Finishing the Game: The Search for a New Bruce Lee","Justin Lin","2007","Comedy","6.2","Monique Gabriela Curnen"
"Rubber","Quentin Dupieux","2010","Comedy|Fantasy|Horror","5.8","Haley Ramm"
"Home","Tim Johnson","2015","Adventure|Animation|Comedy|Family|Fantasy|Sci-Fi","6.7","Jim Parsons"
"Kiss the Bride","C. Jay Cox","2007","Comedy|Romance","5.7","Tori Spelling"
"The Slaughter Rule","Alex Smith","2002","Drama|Sport","6.1","Ryan Gosling"
"Monsters","Gareth Edwards","2010","Drama|Sci-Fi|Thriller","6.4","Scoot McNairy"
"The Californians","Jonathan Parker","2005","Drama","5","Keith Carradine"
"The Living Wake","Sol Tryon","2007","Comedy","6.5","Jim Gaffigan"
"Detention of the Dead","Alex Craig Mann","2012","Comedy|Horror","4.6","Justin Chon"
"Crazy Stone","Hao Ning","2006","Comedy|Crime","7.7","Bo Huang"
"Scott Walker: 30 Century Man","Stephen Kijak","2006","Biography|Documentary|Music","7.3","Brian Eno"
"Everything Put Together","Marc Forster","2000","Drama","6.6","Radha Mitchell"
"Good Kill","Andrew Niccol","2014","Drama|Thriller","6.4","Bruce Greenwood"
"Insomnia Manica","Daston Kalili","2005","Thriller","5.8","Daston Kalili"
"The Outrageous Sophie Tucker","William Gazecki","2014","Documentary","7.2","Carol Channing"
"Now Is Good","Ol Parker","2012","Drama|Romance","7.2","Jeremy Irvine"
"Girls Gone Dead","Michael Hoffman Jr.","2012","Comedy|Horror","3.5","Vincent Chimato"
"America Is Still the Place","Patrick Gilles","2015","History","7.5","Emma Caulfield"
"Subconscious","Georgia Hilton","2015","Action|Mystery|Thriller","2.2","Mike Beckingham"
"Crossroads","Tamra Davis","2002","Comedy|Drama","3.3","Britney Spears"
"Enter Nowhere","Jack Heller","2011","Mystery|Thriller","6.6","Shaun Sipos"
"The King of Najayo","Fernando Baez Mella","2012","Crime|Drama","6.9","Manny Perez"
"Fight to the Finish","Warren Sheppard","2016","Action|Romance|Sport","4","Jennifer Hale"
"Alleluia! The Devil's Carnival","Darren Lynn Bousman","2016","Horror|Musical","7.4","Paul Sorvino"
"The Sound and the Shadow","Justin Paul Miller","2014","Comedy|Mystery|Thriller","8.3","Mary Kate Wiles"
"Rodeo Girl","Joel Paul Reisig","2016","Family","5.7","Carrie Bradstreet"
"Born to Fly: Elizabeth Streb vs. Gravity","Catherine Gund","2014","Action|Biography|Documentary|Sport","6.8","Elizabeth Streb"
"The Little Ponderosa Zoo","Luke Dye","2016","Family","5.2","Mike Stanley"
"Oz the Great and Powerful","Sam Raimi","2013","Adventure|Family|Fantasy","6.4","Tim Holmes"
"The Toxic Avenger","Michael Herz","1984","Action|Comedy|Horror|Sci-Fi","6.2","Patrick Kilpatrick"
"Straight Out of Brooklyn","Matty Rich","1991","Crime|Drama","5.9","Lawrence Gilliard Jr."
"Bloody Sunday","Paul Greengrass","2002","Drama|History|War","7.7","James Nesbitt"
"Diamond Ruff","Alec Asten","2015","Action","4.3","Luis Sanchez"
"Conversations with Other Women","Hans Canosa","2005","Comedy|Drama|Romance","7.1","Olivia Wilde"
"Poultrygeist: Night of the Chicken Dead","Lloyd Kaufman","2006","Comedy|Horror|Musical","6.2","John Karyus"
"Mutual Friends","Matthew Watts","2013","Comedy|Romance","6.8","Jennifer Lafleur"
"42nd Street","Lloyd Bacon","1933","Comedy|Musical|Romance","7.7","Ginger Rogers"
"Rise of the Entrepreneur: The Search for a Better Way","Joe Kenemore","2014","Documentary","8.2","Bob Proctor"
"Metropolitan","Whit Stillman","1990","Comedy|Drama|Romance","7.5","Chris Eigeman"
"As It Is in Heaven","Kay Pollak","2004","Comedy|Drama|Music|Romance","7.6","Michael Nyqvist"
"Roadside","Eric England","2013","Drama|Horror|Mystery|Thriller","4.1","Jack E. Curenton"
"Napoleon Dynamite","Jared Hess","2004","Comedy","6.9","Jon Heder"
"Blue Ruin","Jeremy Saulnier","2013","Crime|Drama|Thriller","7.1","Devin Ratray"
"Paranormal Activity","Oren Peli","2007","Horror","6.3","Micah Sloat"
"Dogtown and Z-Boys","Stacy Peralta","2001","Documentary|Sport","7.7","Tony Alva"
"Monty Python and the Holy Grail","Terry Gilliam","1975","Adventure|Comedy|Fantasy","8.3","Eric Idle"
"Quinceanera","Richard Glatzer","2006","Drama","7.1","Emily Rios"
"Gory Gory Hallelujah","Sue Corcoran","2003","Comedy|Fantasy|Horror|Musical","4.7","Tony Doupe"
"Heroes_            ","","","Drama|Fantasy|Sci-Fi|Thriller","7.7","Sendhil Ramamurthy"
"Tarnation","Jonathan Caouette","2003","Biography|Documentary","7.2","Greg Ayres"
"I Want Your Money","Ray Griggs","2010","Documentary","5.1","Bill Farmer"
"Love in the Time of Monsters","Matt Jackson","2014","Comedy|Horror","5.4","Kane Hodder"
"The Beyond","Lucio Fulci","1981","Horror","6.9","Catriona MacColl"
"Home Movies_            ","","","Animation|Comedy|Drama","8.2","Brendon Small"
"What Happens in Vegas","Tom Vaughan","2008","Comedy|Romance","6.1","Treat Williams"
"The Dark Hours","Paul Fox","2005","Horror|Thriller","6.1","Dov Tiefenbach"
"My Beautiful Laundrette","Stephen Frears","1985","Comedy|Drama|Romance","6.9","Saeed Jaffrey"
"Fabled","Ari Kirschenbaum","2002","Drama|Horror|Mystery|Thriller","5.8","R. Brandon Johnson"
"Show Me","Cassandra Nicolaou","2004","Drama|Thriller","6","Katharine Isabelle"
"Cries & Whispers","Ingmar Bergman","1972","Drama","8.2","Liv Ullmann"
"Intolerance: Love's Struggle Throughout the Ages","D.W. Griffith","1916","Drama|History|War","8","Lillian Gish"
"Trekkies","Roger Nygard","1997","Documentary","7","Walter Koenig"
"The Broadway Melody","Harry Beaumont","1929","Musical|Romance","6.3","Anita Page"
"The Evil Dead","Sam Raimi","1981","Fantasy|Horror","7.6","Ted Raimi"
"Maniac","Franck Khalfoun","2012","Horror|Thriller","6.1","America Olivo"
"Censored Voices","Mor Loushy","2015","Documentary|History","7.2","Amos Oz"
"Murderball","Henry Alex Rubin","2005","Documentary|Sport","7.8","Mark Zupan"
"American Ninja 2: The Confrontation","Sam Firstenberg","1987","Action|Drama","4.7","Michael Dudikoff"
"51 Birch Street","Doug Block","2005","Documentary","7.5","Carol Block"
"Rotor DR1","Chad Kapper","2015","Family|Sci-Fi","3.4","Tom E. Nicholson"
"Halloween","John Carpenter","1978","Horror|Thriller","7.9","Jamie Lee Curtis"
"12 Angry Men","Sidney Lumet","1957","Crime|Drama","8.9","Jack Warden"
"My Dog Tulip","Paul Fierlinger","2009","Animation|Drama","6.9","Isabella Rossellini"
"It Happened One Night","Frank Capra","1934","Comedy|Romance","8.2","Claudette Colbert"
"Dogtooth","Yorgos Lanthimos","2009","Drama|Thriller","7.3","Angeliki Papoulia"
"Tupac: Resurrection","Lauren Lazin","2003","Biography|Documentary|Music","8","James Cagney"
"Tumbleweeds","Gavin O'Connor","1999","Comedy|Drama","6.7","Kimberly J. Brown"
"The Prophecy","Gregory Widen","1995","Action|Fantasy|Horror|Mystery|Thriller","6.6","Viggo Mortensen"
"When the Cat's Away","Cedric Klapisch","1996","Comedy|Romance","6.9","Simon Abkarian"
"Pieces of April","Peter Hedges","2003","Comedy|Drama","7.1","Oliver Platt"
"The Big Swap","Niall Johnson","1998","Drama","5.6","Kevin Howarth"
"Old Joy","Kelly Reichardt","2006","Drama","6.7","Daniel London"
"Wendy and Lucy","Kelly Reichardt","2008","Drama","7.1","John Robinson"
"3 Backyards","Eric Mendelsohn","2010","Drama","5.2","Embeth Davidtz"
"Pierrot le Fou","Jean-Luc Godard","1965","Crime|Drama|Romance","7.7","Jean-Paul Belmondo"
"Sisters in Law","Florence Ayisi","2005","Documentary","7.5","Vera Ngassa"
"Nothing But a Man","Michael Roemer","1964","Drama|Romance","8.1","Yaphet Kotto"
"First Love, Last Rites","Jesse Peretz","1997","Drama|Romance","5.5","Robert John Burke"
"Fighting Tommy Riley","Eddie O'Flaherty","2004","Drama|Sport","6.6","Don Wallace"
"Royal Kill","Babar Ahmed","2009","Action|Thriller","3.2","Lalaine"
"Across the Universe","Julie Taymor","2007","Drama|Fantasy|Musical|Romance","7.4","Jim Sturgess"
"The Looking Glass","John D. Hancock","2015","Drama|Music","6.6","Trish Basinger"
"Death Race 2000","Paul Bartel","1975","Action|Comedy|Sci-Fi|Sport","6.2","Sylvester Stallone"
"Locker 13","Bruce Dellis","2014","Thriller","4.8","Tatyana Ali"
"Midnight Cabaret","Pece Dingo","1990","Horror","4.5","Michael Des Barres"
"Anderson's Cross","Jerome Elston Scott","2010","Comedy|Drama|Romance","7.2","Taran Killam"
"Bizarre","Etienne Faure","2015","Drama|Musical|Romance","4.3","Rumi Missabu"
"Graduation Day","Herb Freed","1981","Horror|Mystery","4.5","Linnea Quigley"
"Some Guy Who Kills People","Jack Perez","2011","Comedy|Crime|Drama|Horror|Mystery|Thriller","6.4","Kevin Corrigan"
"Compliance","Craig Zobel","2012","Biography|Crime|Drama|Thriller","6.4","Dreama Walker"
"Chasing Amy","Kevin Smith","1997","Comedy|Drama|Romance","7.3","Matt Damon"
"Lovely & Amazing","Nicole Holofcener","2001","Comedy|Drama|Romance","6.9","Aunjanue Ellis"
"Death Calls","Ken Del Conte","2010","Action|Adventure|Mystery|Romance|Thriller","4.3","Hector Echavarria"
"Better Luck Tomorrow","Justin Lin","2002","Crime|Drama|Romance","7.2","Parry Shen"
"The Incredibly True Adventure of Two Girls in Love","Maria Maggenti","1995","Comedy|Drama|Romance","6.5","Nicole Ari Parker"
"Chuck & Buck","Miguel Arteta","2000","Comedy|Drama","6.6","Lupe Ontiveros"
"American Desi","Piyush Dinker Pandya","2001","Comedy|Drama|Romance","6.7","Purva Bedi"
"Amidst the Devil's Wings","Daniel Columbie","2014","Action|Crime|Drama","4.3","Keri Maletto"
"Cube","Vincenzo Natali","1997","Mystery|Sci-Fi|Thriller","7.3","David Hewlett"
"Love and Other Catastrophes","Emma-Kate Croghan","1996","Comedy|Romance","6.4","Radha Mitchell"
"I Married a Strange Person!","Bill Plympton","1997","Animation|Comedy|Drama|Fantasy|Sci-Fi","7","Charis Michelsen"
"November","Greg Harrison","2004","Drama|Mystery|Thriller","5.5","Amir Talai"
"Like Crazy","Drake Doremus","2011","Drama|Romance","6.7","Jennifer Lawrence"
"Teeth and Blood","Al Franklin","2015","Horror","4.3","Marshal Hilton"
"Sugar Town","Allison Anders","1999","Comedy|Music","6.1","Ally Sheedy"
"The Motel","Michael Kang","2005","Comedy|Drama","6.8","Samantha Futerman"
"The Canyons","Paul Schrader","2013","Drama|Thriller","3.9","Nolan Gerard Funk"
"Shotgun Stories","Jeff Nichols","2007","Drama|Thriller","7.3","Michael Abbott Jr."
"Exam","Stuart Hazeldine","2009","Mystery|Thriller","6.9","Colin Salmon"
"The Sticky Fingers of Time","Hilary Brougher","1997","Sci-Fi","6.3","James Urbaniak"
"Sunday School Musical","Rachel Goldenberg","2008","Drama|Musical","2.5","Dustin Fitzsimons"
"Rust","Corbin Bernsen","2010","Drama","5.7","Corbin Bernsen"
"Ink","Jamin Winans","2009","Action|Drama|Fantasy|Sci-Fi","7","Eme Ikwuakor"
"The Christmas Bunny","Tom Seidman","2010","Drama|Family","6.2","Florence Henderson"
"Jesus People","Jason Naumann","2007","Comedy|Short","6.9","Victoria Jackson"
"Butterfly","Matt Cimber","1982","Crime|Drama","4.5","Stacy Keach"
"UnDivided","Sam Martin","2013","Documentary","7.8","Sam Adams"
"The Frozen","Andrew Hyatt","2012","Horror|Thriller","4.4","Noah Segan"
"The Love Letter","Dan Curtis","1998","Fantasy|Romance","7.4","Jennifer Jason Leigh"
"Horse Camp","Joel Paul Reisig","2014","Family","6.6","Joshua Ray Bell"
"Give Me Shelter","Kristin Rizzo","2014","Documentary","8","Esai Morales"
"The Big Parade","King Vidor","1925","Drama|Romance|War","8.3","John Gilbert"
"Little Big Top","Ward Roberts","2006","Comedy","6.5","Sid Haig"
"Along the Roadside","Zoran Lisinac","2013","Comedy|Music|Romance","7.1","Matthew Emerick"
"Bronson","Nicolas Winding Refn","2008","Action|Biography|Crime|Drama","7.1","Tom Hardy"
"Western Religion","James O'Brien","2015","Adventure|Drama|Fantasy|Thriller|Western","4","Mark Fantasia"
"Burn","Tom Putnam","2012","Documentary","7.5","Brendan Doogie Milewski"
"Urbania","Jon Shear","2000","Drama","7","Dan Futterman"
"The Stewardesses","Al Silliman Jr.","1969","Comedy|Drama","4","Christina Hart"
"The Beast from 20,000 Fathoms","Eugene Lourie","1953","Adventure|Horror|Sci-Fi","6.7","Kenneth Tobey"
"20,000 Leagues Under the Sea","Richard Fleischer","1954","Adventure|Drama|Family|Fantasy|Sci-Fi","7.2","James Mason"
"Mad Max","George Miller","1979","Action|Adventure|Sci-Fi|Thriller","7","Hugh Keays-Byrne"
"Swingers","Doug Liman","1996","Comedy|Drama","7.4","Jon Favreau"
"A Fistful of Dollars","Sergio Leone","1964","Action|Drama|Western","8","Clint Eastwood"
"She Done Him Wrong","Lowell Sherman","1933","Comedy|Drama|History|Musical|Romance","6.5","Mae West"
"Short Cut to Nirvana: Kumbh Mela","Maurizio Benazzo","2004","Documentary","7.2","The Dalai Lama"
"The Grace Card","David G. Evans","2010","Drama","6.4","Michael Joiner"
"Middle of Nowhere","Ava DuVernay","2012","Drama","6.5","Omari Hardwick"
"3","Tom Tykwer","2010","Comedy|Drama|Romance","6.8","Devid Striesow"
"The Business of Fancydancing","Sherman Alexie","2002","Drama|Music","6.9","William Joseph Elk III"
"Call + Response","Justin Dillon","2008","Documentary|History|Music","7.5","Matisyahu"
"Side Effects","Steven Soderbergh","2013","Crime|Drama|Thriller","7.1","Channing Tatum"
"Malevolence","Stevan Mena","2003","Crime|Horror|Mystery|Thriller","5.1","R. Brandon Johnson"
"Shooting the Warwicks","Adam Rifkin","2015","Comedy|Drama","6.2","Marri Savinar"
"Super Hybrid","Eric Valette","2010","Horror|Sci-Fi|Thriller","3.9","Melanie Papalia"
"Baghead","Jay Duplass","2008","Comedy|Drama|Horror|Romance","6","Greta Gerwig"
"Solitude","Livingston Oden","2014","Comedy|Horror|Mystery|Thriller","6.8","Susan Chambers"
"The Case of the Grinning Cat","Chris Marker","2004","Documentary","7.4","Marina Vlady"
"Ordet","Carl Theodor Dreyer","1955","Drama|Fantasy","8.1","Hanne Aagesen"
"Good Dick","Marianna Palka","2008","Comedy|Drama|Romance","6.5","Bryce Dallas Howard"
"The Man from Earth","Richard Schenkman","2007","Drama|Romance|Sci-Fi","8","William Katt"
"The Trials of Darryl Hunt","Ricki Stern","2006","Crime|Documentary","7.7","Darryl Hunt"
"An American Girl Holiday","Nadia Tass","2004","Drama|Family","7.2","Mia Farrow"
"Yesterday Was a Lie","James Kerwin","2008","Drama|Music|Mystery|Romance|Sci-Fi","5.4","John Newton"
"Theresa Is a Mother","C. Fraser Press","2012","Comedy|Drama|Music","6.7","Elaine Bromka"
"H.","Rania Attieh","2014","Drama|Sci-Fi|Thriller","6.3","Paul Hickert"
"Archaeology of a Woman","Sharon Greytak","2012","Drama","8.1","Sally Kirkland"
"Children of Heaven","Majid Majidi","1997","Drama|Family","8.5","Bahare Seddiqi"
"Weekend","Andrew Haigh","2011","Drama|Romance","7.7","Tom Cullen"
"She's Gotta Have It","Spike Lee","1986","Comedy|Romance","6.5","S. Epatha Merkerson"
"Butterfly Girl","Cary Bell","2014","Documentary","8.7","Abigail Evans"
"The World Is Mine","Nicolae Constantin Tanase","2015","Drama","6.5","Iulia Ciochina"
"Another Earth","Mike Cahill","2011","Drama|Romance|Sci-Fi","7","Robin Lord Taylor"
"The Calling","Jason Stone","2014","Thriller","5.8","Topher Grace"
"Sweet Sweetback's Baadasssss Song","Melvin Van Peebles","1971","Crime|Drama|Thriller","5.5","John Amos"
"Perfect Cowboy","Ken Roht","2014","Drama","7","Charla Cochran"
"Tadpole","Gary Winick","2000","Comedy|Drama|Romance","6.3","Bebe Neuwirth"
"Once","John Carney","2007","Drama|Music|Romance","7.9","Glen Hansard"
"The Woman Chaser","Robinson Devor","1999","Comedy","7.3","Marilyn Rising"
"The Horse Boy","Michel Orion Scott","2009","Documentary","7.4","Temple Grandin"
"When the Lights Went Out","Pat Holden","2012","Horror","5.4","Alan Brent"
"Heroes of Dirt","Eric Bugbee","2015","Action|Drama|Sport","7.1","Joel Moody"
"The Texas Chain Saw Massacre","Tobe Hooper","1974","Horror|Thriller","7.5","Gunnar Hansen"
"A Charlie Brown Christmas","Bill Melendez","1965","Animation|Comedy|Family","8.4","Peter Robbins"
"Antarctic Edge: 70_ South","Dena Seidel","2015","Adventure|Documentary","7","Naderev Sano"
"Aroused","Deborah Anderson","2013","Documentary","5.3","Lisa Ann"
"Top Spin","Sara Newens","2014","Documentary","7.1","Ariel Hsing"
"Roger & Me","Michael Moore","1989","Documentary","7.5","Michael Moore"
"Cat People","Paul Schrader","1982","Fantasy|Horror|Thriller","6.1","Ed Begley Jr."
"An American in Hollywood","Sai Varadan","2014","Drama","7.2","J.D. Williams"
"Sound of My Voice","Zal Batmanglij","2011","Drama|Mystery|Sci-Fi|Thriller","6.7","Christopher Denham"
"Your Sister's Sister","Lynn Shelton","2011","Comedy|Drama","6.7","Mark Duplass"
"Romantic Schemer","Valentine","2015","Romance","5.1","Diane Sorrentino"
"A Dog's Breakfast","David Hewlett","2007","Comedy","7","Christopher Judge"
"A Dog's Breakfast","David Hewlett","2007","Comedy","7","Christopher Judge"
"Night of the Living Dead","George A. Romero","1968","Drama|Horror|Mystery","8","Judith O'Dea"
"Une Femme Mariee","Jean-Luc Godard","1964","Drama","7.4","Philippe Leroy"
"The Birth of a Nation","Nate Parker","2016","Biography|Drama","5.4","Jason Stuart"
"The Work and the Story","Nathan Smith Jones","2003","Comedy","5.7","Richard Moll"
"Facing the Giants","Alex Kendrick","2006","Drama|Sport","6.7","Alex Kendrick"
"The Gallows","Travis Cluff","2015","Horror|Thriller","4.2","Pfeifer Brown"
"Eraserhead","David Lynch","1977","Fantasy|Horror|Sci-Fi","7.4","Hal Landon Jr."
"Over the Hill to the Poorhouse","Harry F. Millarde","1920","Crime|Drama","4.8","Stephen Carr"
"Hollywood Shuffle","Robert Townsend","1987","Comedy","7","Robert Townsend"
"The Mighty","Peter Chelsom","1998","Comedy|Drama","7.3","Kieran Culkin"
"Penitentiary","Jamaa Fanaka","1979","Crime|Drama|Sport","5.8","Leon Isaac Kennedy"
"The Lost Skeleton of Cadavra","Larry Blamire","2001","Comedy|Horror|Sci-Fi","7","Fay Masterson"
"Dude, Where's My Dog?!","Stephen Langford","2014","Family","3.2","Kevin P. Farley"
"Cheap Thrills","E.L. Katz","2013","Comedy|Crime|Drama|Horror|Thriller","6.8","Brighton Sharbino"
"Indie Game: The Movie","Lisanne Pajot","2012","Documentary","7.7","Jonathan Blow"
"Closure","Dan Reed","2007","Thriller","5.6","Danny Dyer"
"Open Secret","John Reinhardt","1948","Crime|Drama","7.1","Sheldon Leonard"
"Echo Dr.","Patrick Ryan Sims","2013","Action|Drama|Sci-Fi|Thriller","3.6","Claire Gordon-Harper"
"The Night Visitor","Laslo Benedek","1971","Crime|Horror|Thriller","6.8","Liv Ullmann"
"The Past is a Grotesque Animal","Jason Miller","2014","Biography|Documentary|Music","7.6","Jon Brion"
"The Last House on the Left","Dennis Iliadis","2009","Crime|Horror|Thriller","6.6","Tony Goldwyn"
"Peace, Propaganda & the Promised Land","Sut Jhally","2004","Documentary","8.3","Noam Chomsky"
"Pi","Darren Aronofsky","1998","Drama|Mystery|Thriller","7.5","Mark Margolis"
"I Love You, Don't Touch Me!","Julie Davis","1997","Comedy|Romance","5.4","Jack McGee"
"20 Dates","Myles Berkowitz","1998","Biography|Comedy|Romance","5.3","Tia Carrere"
"Queen Crab","Brett Piper","2015","Action|Sci-Fi|Thriller","4.5","Michelle Simone Miller"
"Super Size Me","Morgan Spurlock","2004","Comedy|Documentary|Drama","7.3","Chemeeka Walker"
"The FP","Brandon Trost","2011","Comedy","5.6","Clifton Collins Jr."
"Happy Christmas","Joe Swanberg","2014","Comedy|Drama","5.6","Anna Kendrick"
"The Brain That Wouldn't Die","Joseph Green","1962","Horror|Sci-Fi","4.1","Virginia Leith"
"Tiger Orange","Wade Gasque","2014","Drama","6.8","Ty Parker"
"Supporting Characters","Daniel Schechter","2012","Comedy","6.3","Lena Dunham"
"Absentia","Mike Flanagan","2011","Drama|Horror|Mystery","5.8","Justin Gordon"
"The Brothers McMullen","Edward Burns","1995","Comedy|Drama|Romance","6.6","Shari Albert"
"The Dirties","Matt Johnson","2013","Crime|Drama|Thriller","6.7","Paul Daniel Ayotte"
"Gabriela","Bruno Barreto","1983","Comedy|Drama|Romance","6.4","Marcello Mastroianni"
"Tiny Furniture","Lena Dunham","2010","Comedy|Drama|Romance","6.3","Lena Dunham"
"Hayride","Terron R. Parsons","2012","Crime|Drama|Horror","3.4","Richard Tyson"
"The Naked Ape","Daniel Mellitz","2006","Comedy|Drama","4.7","Corbin Bernsen"
"Counting","Jem Cohen","2015","Documentary","6",""
"The Call of Cthulhu","Andrew Leman","2005","Fantasy|Horror|Mystery|Thriller","7.3","Dan Novy"
"Bending Steel","Dave Carroll","2013","Documentary","7.9","Chris 'Wonder' Schoeck"
"The Signal","William Eubank","2014","Sci-Fi|Thriller","6.1","Lin Shaye"
"The Image Revolution","Patrick Meaney","2014","Biography|Documentary","7.4","Taliesin Jaffe"
"This Is Martin Bonner","Chad Hartigan","2013","Drama","6.6","Jan Haley"
"A True Story","Malcolm Goodwin","2013","Comedy","5.5","Katrina Bowden"
"George Washington","David Gordon Green","2000","Drama","7.5","Paul Schneider"
"Smiling Fish & Goat on Fire","Kevin Jordan","1999","Comedy|Romance","7.6","Derick Martini"
"Dawn of the Crescent Moon","Kirk Loudon","2014","Drama|Sci-Fi|Thriller","5","Barry Corbin"
"Raymond Did It","Travis Legge","2011","Horror","3.2","Elissa Dowling"
"The Last Waltz","Martin Scorsese","1978","Documentary|Music","8.2","Ringo Starr"
"Run, Hide, Die","Collin Joseph Neal","2012","Horror|Thriller","3.7","Julianne Gabert"
"The Exploding Girl","Bradley Rust Gray","2009","Drama","6.3","Zoe Kazan"
"The Legend of God's Gun","Mike Bruce","2007","Western","4.1","Joseph Campanella"
"Mutual Appreciation","Andrew Bujalski","2005","Comedy","6.9","Andrew Bujalski"
"Her Cry: La Llorona Investigation","Damir Catic","2013","Horror","5.4","Nichole Ceballos"
"Down Terrace","Ben Wheatley","2009","Comedy|Crime|Drama","6.5","Michael Smiley"
"Clerks","Kevin Smith","1994","Comedy","7.8","Jason Mewes"
"Pink Narcissus","James Bidgood","1971","Drama|Fantasy","6.7","Don Brooks"
"Funny Ha Ha","Andrew Bujalski","2002","Comedy|Drama","6.4","Andrew Bujalski"
"In the Company of Men","Neil LaBute","1997","Comedy|Drama","7.3","Stacy Edwards"
"Sabotage","David Ayer","2014","Action|Crime|Drama|Thriller","5.7","Mireille Enos"
"Manito","Eric Eason","2002","Drama|Family","7","Franky G"
"Rampage","Uwe Boll","2009","Action|Crime|Thriller","6.3","Matt Frewer"
"Slacker","Richard Linklater","1991","Comedy|Drama","7.1","Tommy Pallotta"
"Dutch Kills","Joseph Mazzella","2015","Crime|Drama|Thriller","4.8","Tjasa Ferme"
"Dry Spell","Travis Legge","2013","Comedy|Romance","3.3","Kristen Seavey"
"Flywheel","Alex Kendrick","2003","Drama","6.9","Shannen Fields"
"Exeter","Marcus Nispel","2015","Horror|Mystery|Thriller","4.6","Ashley Tramonte"
"The Ridges","Brandon Landers","2011","Drama|Horror|Thriller","3","Robbie Barnes"
"The Puffy Chair","Jay Duplass","2005","Comedy|Drama|Romance","6.6","Mark Duplass"
"Stories of Our Lives","Jim Chuchu","2014","Drama","7.4","Paul Ogola"
"Breaking Upwards","Daryl Wein","2009","Romance","6.2","Zoe Lister-Jones"
"All Superheroes Must Die","Jason Trost","2011","Sci-Fi|Thriller","4","Sean Whalen"
"Pink Flamingos","John Waters","1972","Comedy|Crime|Horror","6.1","Divine"
"Clean","Olivier Assayas","2004","Drama|Music|Romance","6.9","Maggie Cheung"
"The Circle","Jafar Panahi","2000","Drama","7.5","Fereshteh Sadre Orafaiy"
"Tin Can Man","Ivan Kavanagh","2007","Horror","6.7","Patrick O'Donnell"
"On the Downlow","Tadeo Garcia","2004","Drama","6.1","Tatiana Suarez-Pico"
"Sanctuary; Quite a Conundrum","Thomas L. Phillips","2012","Comedy|Horror|Thriller","5.4","Julianna Pitt"
"Bang","Ash Baron-Cohen","1995","Crime|Drama","6.4","Peter Greene"
"Primer","Shane Carruth","2004","Drama|Sci-Fi|Thriller","7","Shane Carruth"
"Cavite","Neill Dela Llana","2005","Thriller","6.3","Ian Gamazon"
"El Mariachi","Robert Rodriguez","1992","Action|Crime|Drama|Romance|Thriller","6.9","Carlos Gallardo"
"The Mongol King","Anthony Vallone","2005","Crime|Drama","7.8","Richard Jewell"
"Newlyweds","Edward Burns","2011","Comedy|Drama","6.4","Kerry Bishe"
"Signed Sealed Delivered","Scott Smith","2013","Comedy|Drama","7.7","Eric Mabius"
"A Plague So Pleasant","Benjamin Roberds","2013","Drama|Horror|Thriller","6.3","Eva Boehnke"
"Shanghai Calling","Daniel Hsia","2012","Comedy|Drama|Romance","6.3","Alan Ruck"
"My Date with Drew","Jon Gunn","2004","Documentary","6.6","John August"